序号,提交答卷时间,所用时间,来源,来源详情,来自IP,总分,2. Your participant's number,4、(Box of matches),4、(Food concentrate),4、(50 feet of nylon rope),4、(Parachute silk),4、(Portable heating unit),4、(Two .45 caliber pistols),4、(One case of dehydrated milk),4、(Two 100 lb. tanks of oxygen),4、(Stellar map),4、(Self-inflating life raft),4、(Magnetic compass),4、(20 liters of water),4、(Signal flares),"4、(First aid kit, including injection needle)",4、(Solar-powered FM receiver-transmitter),"5、Before proceeding to the next section, please review and confirm that you are satisfied with your answers from the previous part, ensuring you have provided the most accurate responses. Please download the files:在进入下一部分之前，请检查并确认您对之前部分的答案感到满意，即您已提供最正确的答案。检查无误后，请你下载文件：1.Simultaneously click the ""Finish"" buttons on both pages (Tasksheet and GPT window). After clicking, you will download two files: ""GPT_data"" and ""TaskSheet_data."" 请在两个页面上（tasksheet和GPT窗口）尽量同时点击“Finish”按钮。点击后，您将分别下载两个文件：“GPT_data” 和 “TaskSheet_data”。2. In the GPT window, export the chat history.在GPT窗口中，导出聊天记录。! Important Notice: Please ensure you have downloaded the following three files: ""GPT_data"",""TaskSheet_data"", The chat history txt file. If you have not downloaded all 3 files, you will not be eligible for compensation.! 重要提醒：请确认你已经下载了以下三个文件：""GPT_data"" , ""TaskSheet_data""，聊天记录txt文件。如果您没有下载这三个文件，您将无法获得实验的报酬。","9、The system is deceptive (words related to this: Deception, Lie, Falsity, Betray, Misleading, Phony, Cheat.) 系统具有欺骗性（相关词汇：欺骗、撒谎、虚假、背叛、误导、伪装、欺诈）  ","10、The system behaves in an underhanded (sneaky, steal) manner. 系统表现出一种隐秘的、不正当的行为（偷偷摸摸、偷窃）  ","11、I am suspicious of the system's intent, action, or outputs (Mistrust, Suspicion,  Distrust). 我对系统的意图、行为或输出表示怀疑（不信任、怀疑、疑虑）  ",12、I am wary (Beware)of the system. 我对系统保持警惕（小心、防范）  ,"13、The system's actions will have a harmful or injurious outcome (Cruel, Harm.) 系统的行为可能会带来有害或伤害性的结果（残酷、伤害）  ",14、I am confident in the system ( Assurance). 我对系统有信心（自信，把握）  ,15、The system provides security. 系统提供安全保障  ,16、The system has integrity ( Honor.)  系统具有诚信（信用）,"17、The system is dependable ( Fidelity,  Loyalty.)  系统值得信赖（忠诚、可靠）","18、The system is reliable ( Honesty, Promise, Reliability, Trustworthy, Friendship, Love).  系统是可信赖的（诚实、承诺、可靠、值得信任、友谊、爱）",19、I can trust the system  我可以信任这个系统,20、I am familiar with the system  我对这个系统很熟悉,"21、In two sentences, explain how you arrived at your final answer. Describe how you utilized the information provided by GPT in reaching your conclusion.请用两句话解释你是如何得出最终答案的。描述你是如何利用GPT提供的信息来得出最终答案的。","22、How familiar are you with Moon survival scenarios like the one described in the task?1. Not at all familiar C I have no knowledge or experience related to survival in moon environments.2. Very slightly familiar C I have heard or read a little about moon survival, but I do not understand the key concepts.3. Slightly familiar C I have basic knowledge of moonsurvival, but I have never engaged in any related activities or scenarios.4. Moderately familiar C I have some knowledge of moon survival strategies and have encountered related information or media.5. Familiar C I understand common survival practices in desert environments and have some hands-on experience (e.g., through training or simulations).6. Very familiar C I have extensive knowledge of moon survival and practical experience in similar survival tasks or real-world situations.7. Extremely familiar C I am an expert in moon survival, with deep knowledge and significant hands-on experience in surviving or instructing others in such environments.","23、How motivated are you to complete the Moon survival task to the best of your ability?1. Not at all motivated C I have no interest or desire to engage in this task.2. Very slightly motivated C I feel only a small amount of motivation to complete the task.3. Slightly motivated C I am somewhat interested, but I am not very engaged with the task.4. Moderately motivated C I feel motivated enough to complete the task, but my interest and effort are average.5. Motivated C I am interested in completing this task and want to perform well.6. Very motivated C I feel highly motivated to do my best and perform strongly in this task.7. Extremely motivated C I am fully engaged and eager to excel in this task, giving it my maximum effort and attention.","24、?? Important: Complete the Next Step ??  You have successfully finished this task!?? Please return to the main form to continue with the next steps.After submitting, you can close the current Tasksheet and GPT windows.您已结束此任务，请回到主问卷完成接下来的任务"
3,2024/10/16 19:27:54,1344秒,链接,直接访问,183.157.162.85(浙江-杭州),46,1008,14,4,12,13,2,15,6,1,8,11,9,3,7,10,5,1,1,1,6,7,5,2,1,3,2,1,2,5,Mostly by personal knowledge. Some background informations was given by GPT. GPT was only used to comfirm some scientific facts.,4,6,1
4,2024/10/16 19:35:21,953秒,链接,直接访问,203.93.11.71(北京-北京),36,1002,11,3,14,13,2,15,12,1,7,10,6,4,9,8,5,1,1,1,1,3,2,6,5,1,2,1,4,4,I use it to have more understanding of the circumstances and choices.,2,3,1
5,2024/10/16 19:37:10,1505秒,链接,直接访问,101.5.163.110(北京-北京),37,1006,15,3,10,12,4,13,11,1,5,14,9,2,8,7,6,1,1,1,2,3,2,3,3,4,3,2,2,4,"I first asked GPT to evaluate the task on its own, then I asked it to evaluate my own answer. I then asked follow-up questions regrading the differences in our answers. If I find GPT's argument to be convincing enough, I included it in my final answer.",2,5,1
6,2024/10/16 19:41:41,1872秒,链接,直接访问,183.173.160.237(北京-北京),55,1007,14,5,11,7,4,8,9,3,15,13,12,10,2,6,1,1,4,4,7,4,5,2,2,7,3,3,3,5,"I first asked it to answer the question for me, but then it's answer did't make any sense to me. It did not consider that there is no oxygen on the moon's surface, and it did not change it's answer even after I pointed it to the system.",3,3,1
7,2024/10/16 19:44:35,1406秒,链接,直接访问,183.172.105.3(北京-北京),60,1003,13,10,9,12,11,15,14,1,2,5,4,7,8,6,3,1,2,4,3,5,4,5,3,4,5,4,5,5,"I couldn't really use the given GPT because every time I sent it a text, it showed that there was an error. I think it still needs some improvement before it can really help other people. Thanks to the team for their hard work; keep going on. I wish you very good luck！",4,7,1
8,2024/10/16 19:47:23,2100秒,链接,直接访问,183.172.227.235(北京-北京),63,1001,3,4,15,7,1,14,13,8,11,9,10,12,5,6,2,1,3,2,5,6,4,5,5,5,5,5,4,5,"In terms of the most important message (what should be prioritized) I choose to accept GPT's suggestions by raising questions to him and confirming. For the information that is less crucial (e.g. nylon and pistol), I rank them by myself.",3,6,1
9,2024/10/16 19:56:14,2463秒,链接,直接访问,130.126.101.134(国外-美国),55,1005,12,4,7,13,3,14,8,1,15,9,10,2,11,5,6,1,6,5,7,7,6,2,2,2,2,1,1,3,"First, we get overall ranking from gpt and then from my opinions and belief to rank, I rank the items and ask gpt if my belief is correct. Though gpt disagrees with me, its explanation is reliable and I use my choice.",4,7,1
10,2024/10/16 21:19:19,492秒,链接,直接访问,185.220.239.182(国外-日本),62,1016,14,5,8,7,13,9,15,1,12,10,11,2,4,6,3,1,6,3,6,7,7,3,2,3,3,2,2,4,这次的输出出现了非常严重的尝试新的错误，导致我几乎无法相信本次测试所输出的大部分内容。最终导致我只能依靠我自己的想法给出回答。,7,7,1
11,2024/10/16 21:57:35,1225秒,链接,直接访问,183.172.68.249(北京-北京),47,1015,3,4,14,7,1,12,15,8,11,9,10,13,5,6,2,1,5,3,4,2,5,3,3,3,4,4,4,2,I just let it list the order for me and asked some questions why it thought that item was important and more important than other things.,1,4,1
12,2024/10/16 22:13:57,1017秒,链接,直接访问,101.5.176.143(北京-北京),54,1019,3,4,14,7,1,12,15,8,11,9,10,13,5,6,2,1,2,2,4,3,5,4,4,4,6,5,4,4,I gave the command to GPT that there is wrong landing on moon. Then I gave him list of undamaged things to rank them for survival mood.,2,5,1
13,2024/10/16 22:16:43,1215秒,链接,直接访问,183.172.26.48(北京-北京),57,1014,3,4,14,7,1,12,15,8,11,9,10,13,5,6,2,1,2,1,4,4,3,5,4,5,5,5,6,6,直接让GPT给出结果，然后和它一起讨论我不认同的原因，他说服了我,2,5,1
14,2024/10/16 22:21:39,936秒,链接,直接访问,101.5.184.207(北京-北京),50,1013,3,4,14,7,1,12,15,8,11,9,10,13,5,6,2,1,3,2,4,5,4,5,3,4,4,3,5,2,I gave the GPT the statement. Read the answers provided to see if the reasoning is appropriate.,2,4,1
15,2024/10/16 22:36:15,913秒,链接,直接访问,62.192.175.93(国外-美国),55,1012,3,4,14,7,1,12,15,8,11,9,10,13,5,6,2,1,2,2,4,2,1,5,6,6,5,5,5,3,"Give him the relevant requirements,then send him the article,and finally check the answer",4,5,1
16,2024/10/18 10:10:26,1034秒,链接,直接访问,169.234.243.180(国外-美国),62,1033,3,4,14,7,1,12,15,8,11,9,10,13,5,6,2,1,3,2,4,5,6,5,5,5,6,6,5,4,"I asked GPT what is the most important thing to survive, then what is the next thing, the third thing until the last important thing. When I have doubts about the answer, I asked about my concern then take the message.",2,4,1
17,2024/10/18 10:17:48,1303秒,链接,直接访问,183.172.158.196(北京-北京),46,1030,8,5,14,9,2,13,15,1,12,10,11,3,6,7,4,1,3,2,3,2,2,3,4,3,3,3,3,3,"At first I asked GPT to help me rank the 15 items provided with all the information given in the task, as well as asking it for reasons on why it chose particular ranks. While most responses were sensible, the low ranking for oxygen made me question the responses, which is why I decided to take a closer look at all items and sort them based on my own knowledge as well as the reasons GPT provided.",5,7,1
18,2024/10/18 10:18:08,1495秒,链接,直接访问,183.172.218.246(北京-北京),41,1031,3,4,15,7,1,12,14,8,11,9,10,13,5,6,2,1,3,4,3,4,3,2,2,2,2,3,3,1,"according to the request,i ask gpt to help me rank 15 items and ask if it can explain its ranking reason to me.then i adjust the answer.",4,5,1
19,2024/10/18 10:18:14,1488秒,链接,直接访问,120.238.248.247(广东-广州),54,1034,6,3,14,9,4,13,15,1,12,10,11,2,7,8,5,1,5,5,5,5,5,3,3,3,3,3,3,3,把生存环境和所有物资告诉GPT，并且强调了物资优先级,4,4,1
20,2024/10/18 10:25:27,1381秒,链接,直接访问,183.172.215.6(北京-北京),63,1036,9,3,15,11,1,12,13,4,10,7,8,14,6,5,2,1,1,1,2,6,1,7,7,6,5,5,6,7,"From a first ranking list, I made it more readable and then tried to refine it step by step by providing my personal insights to end with a final ranking list.",2,7,1
21,2024/10/18 10:29:43,1590秒,链接,直接访问,45.135.228.140(国外-卢森堡),54,1035,4,5,11,9,1,13,14,3,12,10,15,8,6,7,2,1,4,4,4,7,2,2,2,6,2,2,2,5,"There are quite a number of assumptions made by GPT which rendered its reasoning and ranking of the tools based on importance to be less logical than the ranking placed by a regular human being with sufficient knowledge about space. Given my background in space science and astrophysics, I have to make some assumptions too which I had clarified with the organiser of this event. Given the assumptions made, I've placed my own ranking of the tools while comparing the ranking given by GPT and its reasons.",6,6,1
22,2024/10/18 10:30:40,1569秒,链接,直接访问,183.172.215.225(北京-北京),57,1037,3,4,14,7,1,12,15,8,11,9,10,13,5,6,2,1,1,1,1,2,1,3,6,6,7,7,6,7,"I read the task and tried shortly explain to chat what do I need to do. It wrote me ranking, I doubted some points and it gave me some arguments why is this or that point is at this or that place.",2,7,1
23,2024/10/18 21:20:37,981秒,链接,直接访问,183.173.187.228(北京-北京),62,1041,3,4,14,7,1,15,9,8,12,13,11,10,5,6,2,1,2,1,5,5,2,6,6,6,6,6,6,6,首先我对这个题材不太有先决的知识储备，除了太空冷以外，GPT的答案说牛奶、水、氧气瓶不重要，我其实感觉挺重要的，所以往前排了排，整体感觉他的答案是可信的，但还是要保持质疑，用已有知识储备去验证一下,2,3,1
24,2024/10/18 21:28:04,714秒,链接,直接访问,211.72.214.109(台湾-台中),55,1044,3,4,14,7,1,12,15,8,11,9,10,13,5,6,2,1,3,4,4,4,4,4,4,4,4,4,4,5,"it just gives a satisfying answer in the first attempt. but still, ask it to refine itself or double-check its answer reaches perfection.",3,4,1
25,2024/10/18 21:28:30,1342秒,链接,直接访问,147.182.242.108(国外-美国),61,1043,3,4,14,7,1,12,15,8,11,9,10,13,5,6,2,1,3,3,4,4,5,4,4,5,5,5,5,4,"show the situation and the items to GPT, ask she to order them. Then discuss with her about some controversial points. Finally output the list and order.",5,5,1
26,2024/10/18 21:37:09,1050秒,链接,直接访问,27.148.97.202(福建-福州),62,1042,3,4,14,7,1,12,15,8,11,9,10,13,5,6,2,1,1,1,2,4,2,6,6,7,6,7,7,6,我先将任务的要求传输给GPT让他帮我先得出一个方案然后我在此方案的基础上对不足的地方进行讨论和修改,3,4,1
27,2024/10/18 21:42:26,554秒,链接,直接访问,159.65.53.178(国外-英国),54,1045,3,4,14,7,1,12,15,8,11,9,10,13,5,6,2,1,1,1,1,1,1,6,6,6,6,6,6,6,"I fed the information of the scenario to GPT, then asked it to rank the items on the list based on most important for survival. GPT gave a list together with detailed explanations.",1,6,1
28,2024/10/19 2:45:44,296秒,链接,直接访问,131.179.94.129(国外-美国),60,2011,3,4,13,15,1,12,14,7,11,9,10,8,5,6,2,1,3,4,3,5,4,5,4,4,5,5,5,6,The answers that were provided made sense,2,5,1
29,2024/10/19 4:23:50,991秒,链接,直接访问,131.179.86.169(国外-美国),53,2015,13,3,14,4,1,10,15,6,11,9,12,5,7,8,2,1,2,3,6,5,1,2,7,3,2,3,3,7,"I relied somewhat on GPT, but I ultimately didn't agree with many of its answers, from what I know about the moon. It prioritized matches very highly, but fire is not sustainable on the moon due to it not having an atmosphere. Additionally, I didn't think signal flares would work well either, as again, that relies on combustion which is very limited on the moon. I also disagreed with GPT and thought that oxygen should be prioritized much higher -- 200 miles is a long distance to travel, and astronauts should not risk travelling on low oxygen.",2,7,1
30,2024/10/19 7:25:43,1667秒,链接,直接访问,159.65.230.228(国外-美国),47,2028,3,4,14,7,1,12,15,8,11,9,10,13,5,6,2,1,2,3,5,5,4,4,4,3,3,3,3,2,"By asking GPT the question.
I trusted it gave the accurate results",2,4,1
31,2024/10/19 8:15:50,1426秒,链接,直接访问,159.56.1.54(国外-美国),44,2048,3,4,14,7,1,12,15,8,11,9,10,13,5,6,2,1,4,3,3,4,4,4,4,3,3,3,2,4,"I for the most part agreed with GPT's assessment of the situation, but I needed clarity on a few things. I don't have a lot of knowledge about this subject, so I had to put a lot more trust into GPT than I typically would.",1,2,1
32,2024/10/20 8:55:34,497秒,链接,直接访问,76.33.171.23(国外-美国),19,2115,9,6,7,14,8,13,12,2,1,15,10,3,5,11,4,1,1,1,1,1,1,1,1,1,1,1,1,1,I arrived at my final answer ranking by thinking of what you need to best survive in space. I didn't feel I needed GPT's help so i did not use it,2,5,1
33,2024/10/20 8:59:59,670秒,链接,直接访问,131.179.95.4(国外-美国),47,2133,15,5,13,9,8,14,10,2,11,7,12,3,1,6,4,1,4,2,5,5,5,2,2,4,3,3,2,4,"It seems to not have sufficient skill to evaluate the situation. It ignores the part about the damaged spacecraft and the 200 mile trek, and makes lots of assumptions",2,4,1
34,2024/10/20 9:05:55,705秒,链接,直接访问,76.33.171.23(国外-美国),45,2110,6,2,10,9,3,13,11,1,12,14,15,4,8,7,5,1,1,1,1,3,1,4,4,2,5,5,4,6,I asked it what some of the important aspects of surviving on the moon was. Then I asked it what I would need and it told me.,2,6,1
35,2024/10/20 17:42:32,882秒,链接,直接访问,136.52.19.145(国外-美国),42,2026,3,2,15,8,1,13,14,7,10,12,9,11,4,6,5,1,1,1,1,4,2,3,4,4,4,3,3,5,I asked GPT questions about how some items can be used and how important it would be compared to other items. It was able to give me an overview of how things can be used and how it can help the situation.,2,5,1
36,2024/10/21 8:06:31,688秒,链接,直接访问,38.13.0.154(国外-美国),59,2027,3,4,14,7,1,12,15,8,11,9,10,13,5,6,2,1,1,1,1,1,1,7,7,6,6,6,7,7,"I inputted the prompt into GPT and read through its answer and reasoning, then asked it to summarize the explanation into a list of the 15 items. I then ranked the items on the task sheet according to GPT's list.",1,7,1
37,2024/10/21 9:33:49,1073秒,链接,直接访问,172.91.73.53(国外-美国),51,2211,3,4,14,7,2,12,15,8,11,9,10,13,5,6,1,1,2,1,2,2,2,6,5,4,5,5,5,6,"I put the instructions and task in the gpt, then i read their answer. I reordered the first two ranks on my own based on personal opinion, but kept most of gpt's ranking the same in my submission because the reasoning they gave made sense.",1,5,1
38,2024/10/16 5:31:05,1116秒,链接,直接访问,131.179.132.140(国外-美国),43,2001,10,3,12,11,9,14,13,1,4,15,7,2,6,8,5,,4,2,2,6,5,2,2,2,1,3,2,4,I asked the AI about what the conditions were like on the moon and how I could utilize each item. I used this information to rank the list of tools.,2,6,
39,2024/10/16 5:31:33,877秒,链接,直接访问,131.179.61.192(国外-美国),35,2002,3,5,12,10,7,13,6,1,14,11,15,4,9,8,2,,1,1,1,1,4,5,1,3,4,3,2,1,I mostly copied the ChatGPT output and then kind of extrapolated the rest,4,4,
40,2024/10/16 5:55:47,1990秒,链接,直接访问,131.179.133.223(国外-美国),52,2004,10,4,11,13,9,12,15,3,6,14,7,2,5,8,1,,3,2,2,3,5,4,4,5,5,4,4,5,"I told GPT to give me its ranking, considering all the available information. However, I disagreed with a lot of its reasoning, so I ultimately went with my own ranking.",2,4,
